CID,Time,Text,Platform,
UgzRVZiuFJQkqBk3QGB4AaABAg,1 week ago,Very nice!,YouTube,
UgwUpGfpUdcrymer-5x4AaABAg,1 week ago,"I‚Äôm emotionally attached with this beautiful song and history, Wonderful, Thanks and God bless to all",YouTube,
Ugx7bszmrZogtEPEG1t4AaABAg,1 week ago,What a wonderful song. Brought tears to this crusty old curmegon veteran.,YouTube,
UgxNAM6hizrIFKhFE4R4AaABAg,3 weeks ago,AWESOME!!! Ya'll rock!,YouTube,
UgweifHgwhXLS38_1dN4AaABAg,1 month ago,COL McInvale was one of my old instructors . Never had a clue the man could sing so well!!!,YouTube,
UgweifHgwhXLS38_1dN4AaABAg.8i-mMkyXB_s8i06AXFBPU5,1 month ago,He's full of surprises!,YouTube,
UgxRwQ_kEOnM8NVy10N4AaABAg,1 month ago,"this left me emotional,god bless our fathers",YouTube,
UgyqtYvtaUuGiBLaw8J4AaABAg,1 month ago (edited),"Well done, folks! God bless you and all you do for us. You make us proud each and every day!",YouTube,
UgyqtYvtaUuGiBLaw8J4AaABAg.8hiMsTccWOg8i06CdC2ozL,1 month ago,Thank you!,YouTube,
Ugx6SmDTlNLMmw_2vFV4AaABAg,1 month ago,"My Old Man was a DDay Vet, one of America's Greatest Generation, my hero, Awesome tribute, lest we never forget.",YouTube,
Ugx6SmDTlNLMmw_2vFV4AaABAg.8hfk_HucobJ8hfq3dkzYz8,1 month ago,Frank ciurca so glad you liked it.,YouTube,
Ugx6SmDTlNLMmw_2vFV4AaABAg.8hfk_HucobJ8hjBKV_YMGt,1 month ago,"I hope you guys tryout for America's Got Talent, as a singer myself, you have serious talent.",YouTube,
UgyswjJHIFxQEZuh-5x4AaABAg,1 month ago,Really wish I still had my Daddy. Miss him more as time goes by.,YouTube,
Ugwpeuz6wXw9xVPbFLR4AaABAg,1 month ago,Brings tears to my eyes,YouTube,
Ugwpeuz6wXw9xVPbFLR4AaABAg.8hbLZjVhoUz8hbXYLhoBhp,1 month ago,Kathy Murphy so glad the music moved you.,YouTube,
UgyLgeE3P4cS9zPQgZR4AaABAg,1 month ago,"I miss my father a lot, happy Father‚Äôs Day Dadüò¢",YouTube,
UgzNIi2h3lkXd3bT68B4AaABAg,1 month ago,God Bless you. My father is my hero !!!!,YouTube,
UgzNIi2h3lkXd3bT68B4AaABAg.8hV0DjNhbsy8hV1Mdhs9o3,1 month ago,Jediael Keitel Soares Awesome!,YouTube,
Ugwu55XLRTLkrXjMOB54AaABAg,1 month ago (edited),Fight against parental alienation!,YouTube,
UgwoPypIa1y5I9thEx14AaABAg,1 month ago,Thank you.,YouTube,
UgwoPypIa1y5I9thEx14AaABAg.8hTsZXr-dwZ8hV1JdyTFZw,1 month ago,Carol Tuttle you are welcome! Glad you liked it.,YouTube,
UgznxWV4-BHeU4SR4Up4AaABAg,1 month ago,Muito bom !!! √â sempre maravilhoso ver um trabalho t√£o bem feito !!!,YouTube,
Ugy63ZvjiGky7RnsR2J4AaABAg,1 month ago,God Bless you !!!,YouTube,
1.02178626316114E+018,2018-07-24 15:56 +0000,"Need some fresh tunes for your playlist? Check out this new music from our Bicentennial Gala, composed by band saxophone player Master Sgt. Michael Reifenberg and inspired by the bugle call Taps.

""24 Notes,"" performed by Staff Sgt. Emily McAleesejergins

https://t.co/4meL06vmgy",Twitter,
1.02144751215729E+018,2018-07-23 17:30 +0000,"We're taking a break from our #TrophyPoint series this week, but that doesn't mean that #MusicMonday is off! Check out our 2017 faves‚Äîthe perfect soundtrack to power you through the workday.

We'll see you again on Aug 4 to dance w/ @BennyHavensBand !üíÉ

https://t.co/TWMf733Ng6",Twitter,
1.0210776113536E+018,2018-07-22 17:00 +0000,Keeping a steady beat every day of the week at @WestPoint_USMA (even on the weekend!) https://t.co/MimxY79iYi,Twitter,
1.02081322380792E+018,2018-07-21 23:30 +0000,"The show's starting ‚Äî watch #live NOW from #TrophyPoint! Music from #StarWars, #Superman, #JurassicPark, and more.

While you watch, chime in with your favorite scenes and quotes from the featured movies!

https://t.co/7VHtlQqYcv",Twitter,
1.02080999956256E+018,2018-07-21 23:17 +0000,Tonight‚Äôs #TrophyPoint concert program! https://t.co/kSsZZzSzaH,Twitter,
1.02070990629756E+018,2018-07-21 16:39 +0000,"Due to the threat of inclement weather, tonight‚Äôs #TrophyPoint performance will be moved indoors to Eisenhower Hall Theatre at @WestPoint_USMA. Be sure to join us at 7:30 for music from #StarWars, #IndianaJones and more. Or watch online https://t.co/7VHtlQqYcv",Twitter,
1.02038740981554E+018,2018-07-20 19:18 +0000,"Whether you're w/ us @ #TrophyPoint or off in a galaxy far, far away, don't miss this concert of magical movie music TOMORROW @ 7:30!

Join us at #TrophyPoint: https://t.co/9UVrTXgOun

Or click here to set a livestream reminder: https://t.co/7VHtlQqYcv",Twitter,
1.02002075617928E+018,2018-07-19 19:01 +0000,"#ThrowbackThursday ‚Äî marching on the Plain at @WestPoint_USMA, May 21st, 1959.

Check https://t.co/d1JnsnP7bo for a then vs. now! https://t.co/lkp3tidkeu",Twitter,
1.02001903426646E+018,2018-07-19 18:54 +0000,"@Luvs40hcups In the event of rain, the show will be moved indoors to Eisenhower Hall Theatre.",Twitter,
1.02001868641609E+018,2018-07-19 18:53 +0000,@Kimcase07333006 @WestPoint_USMA Awesome! We‚Äôre very thankful for his service üá∫üá∏,Twitter,
1.0196431576115E+018,2018-07-18 18:00 +0000,"This Saturday at #TrophyPoint, we're heading to the movies w/ music from film composer John Williams. We provide the soundtrack, so you can sit back &amp; let the music take you to a galaxy far, far away.

More info &amp; RSVP: https://t.co/QtwDydmrLV

Livestream: https://t.co/7VHtlQqYcv https://t.co/Fjz03MmAGy",Twitter,
1.01936533267748E+018,2018-07-17 23:36 +0000,@VossOnlinetime All great choices!,Twitter,
1.01936526505689E+018,2018-07-17 23:36 +0000,@KenzieeeClark @WestPoint_USMA A great choice!,Twitter,
1.01931488850468E+018,2018-07-17 20:16 +0000,"What's your favorite movie music? üé∂

We're dusting off a few old faves for this Saturday's #TrophyPoint concert, featuring the music of famed film composer John Williams.

Click here for more info and RSVP: https://t.co/9UVrTXgOun https://t.co/WMiUsNlIhf",Twitter,
1.01895899391248E+018,2018-07-16 20:42 +0000,"#MotivationMonday with @WestPoint_USMA's newest cadets (and check out that soundtrack üòâ):

https://t.co/0VtdIDgUBU",Twitter,
1.01855586031704E+018,2018-07-15 18:00 +0000,"#SundaySalute ‚Äî Tell us your branch and when you served. Thank you for your service!

#ArmyStrong at @WestPoint_USMA https://t.co/53J3FIWdJD",Twitter,
1.01833696840768E+018,2018-07-15 03:30 +0000,@ClarinetNow Thanks!,Twitter,
1.01825390621908E+018,2018-07-14 22:00 +0000,"We‚Äôre going #LIVE from #TrophyPoint for Kids‚Äô Night in 30 minutes! Join us for Story Time w/ Quintette 7, feat. zany zoo animals, silly singalongs &amp; all your favorite children‚Äôs stories set to quirky jazz music. 

Watch here: 
https://t.co/ZXQuwh3e2q https://t.co/khDFqHTJxm",Twitter,
1.0178462451745E+018,2018-07-13 19:00 +0000,"Marching into Kids' Night weekend like...

Don't miss Story Time tomorrow at #TrophyPoint!

üé∫  Instrument petting zoo
üìñ Classic children's stories w/ exciting music
üé§ Singalongs
üé¨ Outdoor screening of Disney's ""Coco""

TOMORROW, 6pm

More info &amp; RSVP: https://t.co/UlyIDpzcza https://t.co/7bpNyj4wxe",Twitter,
1.01748416075425E+018,2018-07-12 19:01 +0000,"#TBT ‚Äî can you believe it's been less than one week since this amazing evening at #TrophyPoint?

Check out the full photo album on our Flickr page: https://t.co/OuqPlaLnT0

@WestPointParent https://t.co/mXzJp8pAOl",Twitter,
1.01710643320739E+018,2018-07-11 18:00 +0000,"Psst, parents‚Äîgot a future tubist on your hands? This Sat @ #TrophyPoint, kids can get up close &amp; personal w/ the instruments of the band &amp; even try their faves!

Instrument petting zoo: 6pm. Stories &amp; music: 6:30. Outdoor screening of ""Coco"" post-concert

https://t.co/UlyIDpzcza https://t.co/Lv33KA2brb",Twitter,
1.01682761231909E+018,2018-07-10 23:32 +0000,@enidinthecity Thank you so much! See you next time!,Twitter,
1.01682745174857E+018,2018-07-10 23:32 +0000,@RosalindHanco20 @WestPoint_USMA Thank you for your service!,Twitter,
1.01674402487775E+018,2018-07-10 18:00 +0000,"Searching for an event that's fun, family-friendly &amp; FREE? Look no further‚ÄîKids' Night is this Sat!

üé∫ Instrument petting zoo
üìñ Classic children's stories w/ music
üé§ Interactive singalongs
üé¨ Screening of Disney's ""Coco""

6:00pm at #TrophyPoint!

Info: https://t.co/UlyIDpzcza https://t.co/KiP5oFB3NL",Twitter,
1.01636942100112E+018,2018-07-09 17:12 +0000,"Happy 100th birthday to the Warrant Officer Corps‚Äîcelebrating a century of service, leadership, and expertise. Here's to another 100!

Watch the band's own CW2 Jonathan Crane's birthday shout-out to this unique group of @USArmy #Soldiers. https://t.co/E7kmxLnobG",Twitter,
1.01636659925377E+018,2018-07-09 17:00 +0000,@Loida65377002 @WestPoint_USMA Hooah! Thank you for your service!,Twitter,
1.01636654029441E+018,2018-07-09 17:00 +0000,@USMAGrad70 @WestPoint_USMA Thank you for your service! Go Army!,Twitter,
1.0163337913114E+018,2018-07-09 14:50 +0000,@legionbirdman Thank you for your service! üá∫üá∏,Twitter,
1.01633351883677E+018,2018-07-09 14:49 +0000,@LukeGUlrich @WestPoint_USMA @USArmyReserve Thank you for your service! Go Army! üá∫üá∏,Twitter,
1.01613640303654E+018,2018-07-09 01:46 +0000,@LewP @WestPoint_USMA Thank you for your service! üá∫üá∏,Twitter,
1.01613629987348E+018,2018-07-09 01:45 +0000,"@PamelaR3y1990 @WestPoint_USMA Thank you for your service, Ma‚Äôam! üá∫üá∏",Twitter,
1.01608862620214E+018,2018-07-08 22:36 +0000,@beeks_gregory @WestPoint_USMA Thank you for your service! üá∫üá∏,Twitter,
1.01608850122023E+018,2018-07-08 22:35 +0000,@DerikTimmerman @WestPoint_USMA Thank you for your service üá∫üá∏ and go Army!,Twitter,
1.01608831799629E+018,2018-07-08 22:35 +0000,@tvsoundoff We‚Äôre so glad to hear that you enjoyed the show. Thanks for sharing the video!,Twitter,
1.01608807546897E+018,2018-07-08 22:34 +0000,@armyconner08 @WestPoint_USMA Thank you for your service! üá∫üá∏,Twitter,
1.01608792199108E+018,2018-07-08 22:33 +0000,@Jakavi24 @WestPoint_USMA Thank you for your service üá∫üá∏ and your continued contributions to USMA and the Army!,Twitter,
1.01600411033059E+018,2018-07-08 17:00 +0000,"#SundaySalute ‚Äî Tell us your branch and when you served. Thank you for your service!

#ArmyStrong at @WestPoint_USMA https://t.co/anXKwZ9Pcy",Twitter,
1.01579375046609E+018,2018-07-08 03:04 +0000,"@Commandant_USMA @WestPoint_USMA Great photo! Thanks for sharing, Sir!",Twitter,
1.01573246775875E+018,2018-07-07 23:01 +0000,"Live streaming starts in 15 minutes! 

Tune in on YouTube for our Independence Day Celebration: https://t.co/7osjppqRMr",Twitter,
1.01572366165813E+018,2018-07-07 22:26 +0000,Tonight‚Äôs Independence Day Celebration program at #TrophyPoint! https://t.co/kjFv0uwJSj,Twitter,
1.01566154868414E+018,2018-07-07 18:19 +0000,"It‚Äôs tonight! Watch our #IndependenceDay Celebration &amp;üéÜ fireworks show üéÜ #LIVE from @WestPoint_USMA. Streaming starts 7:15pm on YouTube. 

Watch here: https://t.co/7osjppqRMr

More info here: https://t.co/Fhod5ndFot

@WestPointParent",Twitter,
1.01529439598014E+018,2018-07-06 18:00 +0000,"We're getting pumped for tomorrow's #IndependenceDay Celebration and we hope you are too! 

Here are a couple things to keep in mind as you prepare for the big show: https://t.co/ZHt21MUlcB

See you tomorrow at #TrophyPoint! https://t.co/305PkWfg8U",Twitter,
1.01496226914124E+018,2018-07-05 20:00 +0000,"#DYK you can watch our 7/7 #IndependenceDay Celebration &amp; üéÜ show #LIVE on YouTube?

Just go to our YouTube page‚¨á, scroll down to Upcoming Live Streams &amp; click ""Set Reminder"" to have a notification sent directly to you when the livestream begins.
https://t.co/QaATrDggmR https://t.co/59hcfYv6zN",Twitter,
1.0149321070414E+018,2018-07-05 18:00 +0000,"4. #WestPoint puts the ‚ÄúFREE‚Äù in freedom

West Point summer concerts are completely FREE of charge. Where else can you enjoy an out-of-this-world performance and dazzling #fireworks show without spending a dime?

Read more: https://t.co/Yuu8ympbqN https://t.co/NnFqv5eT5P",Twitter,
1.01490841659322E+018,2018-07-05 16:26 +0000,@RCHanoi @WestPointParent @WestPoint_USMA @nbc Thank you so much!,Twitter,
1.01487598869669E+018,2018-07-05 14:17 +0000,@gregman2 Thank you so much!,Twitter,
1.01487582924182E+018,2018-07-05 14:17 +0000,@JoannaHendrie Thank you so much! üá∫üá∏,Twitter,
1.01487548282166E+018,2018-07-05 14:15 +0000,@nicoleslick719 Thank you so much! üá∫üá∏,Twitter,
1.0147374644042E+018,2018-07-05 05:07 +0000,@BrenditaPori @Macys @kelly_clarkson Thank you! Happy 4th of July! üá∫üá∏,Twitter,
1.01473743252323E+018,2018-07-05 05:07 +0000,@gregman2 Thank you! Happy 4th of July! üá∫üá∏,Twitter,
1.01473477268862E+018,2018-07-05 04:56 +0000,@Kate8fab @kelly_clarkson Happy 4th of July! üá∫üá∏,Twitter,
1.01473435482269E+018,2018-07-05 04:54 +0000,@sheltielove @USArmy @WestPoint_USMA @Macys Thank you! Happy 4th of July! üá∫üá∏,Twitter,
1.01473427130142E+018,2018-07-05 04:54 +0000,@kahaimnadze @nikkihaley @USUN Madloba! We‚Äôre glad you enjoyed the music.,Twitter,
1.01472260338527E+018,2018-07-05 04:08 +0000,@windband @WestPoint_USMA @Macys @nbc Thank you! Happy 4th of July! üá∫üá∏,Twitter,
1.01471394627047E+018,2018-07-05 03:33 +0000,"üé∂God bless America
Land that I love
Stand beside her 
And guide her
Through the night with the light from aboveüé∂

Happy #4thofJuly! üá∫üá∏

@USArmy @WestPoint_USMA @WestPointParents @Macys #MacysFireworks https://t.co/YxDaH72wEw",Twitter,
1.01470939662923E+018,2018-07-05 03:15 +0000,@MikeStanton2012 @Macys Thank you! Happy 4th of July! üá∫üá∏,Twitter,
1.01470934627253E+018,2018-07-05 03:15 +0000,@smashmarc @Macys Thank you! Happy 4th of July! üá∫üá∏,Twitter,
1.01470925793203E+018,2018-07-05 03:15 +0000,@CurtWhirl Thank you! Happy 4th of July! üá∫üá∏,Twitter,
1.01470922225528E+018,2018-07-05 03:15 +0000,@reviggy @WestPoint_USMA Thank you! Happy 4th of July! üá∫üá∏,Twitter,
1.01470917713716E+018,2018-07-05 03:14 +0000,@enidinthecity Thank you! Happy 4th of July! üá∫üá∏,Twitter,
1.01470911485181E+018,2018-07-05 03:14 +0000,@jslick07 Thank you! Happy 4th of July! üá∫üá∏,Twitter,
1.01470906202873E+018,2018-07-05 03:14 +0000,@glossaria Isn‚Äôt he wonderful? Happy 4th of July! üá∫üá∏,Twitter,
1.01470895269998E+018,2018-07-05 03:14 +0000,@sylviekell @kellyclarkson @nbc @Macys @USArmy @WestPoint_USMA Thank you! Happy 4th of July! üá∫üá∏,Twitter,
1.01470890727568E+018,2018-07-05 03:13 +0000,@Andrea40175506 @LCMullinsWINS @SoniaRincon @Macys @1010WINS Thank you! Happy 4th of July! üá∫üá∏,Twitter,
1.01470776493176E+018,2018-07-05 03:09 +0000,@DavidOlinTullis @Macys Thank you! Happy 4th of July! üá∫üá∏,Twitter,
1.01470772830292E+018,2018-07-05 03:09 +0000,@marlenacs @kelly_clarkson @Macys Thank you! Happy 4th of July! üá∫üá∏,Twitter,
1.01470766766587E+018,2018-07-05 03:08 +0000,@PCookTech Thank you! Happy 4th of July! üá∫üá∏,Twitter,
1.01470758442159E+018,2018-07-05 03:08 +0000,@DanicaZeise Thank you! Happy 4th of July! üá∫üá∏,Twitter,
1.01470752588585E+018,2018-07-05 03:08 +0000,@Fab_40 @Macys @macysnews Thank you! Happy 4th of July! üá∫üá∏,Twitter,
1.01470743810736E+018,2018-07-05 03:08 +0000,@ndixit Thank you! Happy 4th of July! üá∫üá∏,Twitter,
1.01470735582356E+018,2018-07-05 03:07 +0000,@Rypny Thank you! Happy 4th of July! üá∫üá∏,Twitter,
1.01470730323123E+018,2018-07-05 03:07 +0000,@Andrea40175506 @AdriaBalletBeat Thank you! Happy 4th of July! üá∫üá∏,Twitter,
1.01470717730985E+018,2018-07-05 03:06 +0000,@KevinSevigny @Macys Thank you! Happy 4th of July! üá∫üá∏,Twitter,
1.01470702865944E+018,2018-07-05 03:06 +0000,@sylviekell @kellyclarkson @nbc @Macys @USArmy @WestPoint_USMA Thank you! Happy 4th of July! üá∫üá∏,Twitter,
1.01470696892417E+018,2018-07-05 03:06 +0000,@bereitedich Thank you! Happy 4th of July! üá∫üá∏,Twitter,
1.01470691783337E+018,2018-07-05 03:05 +0000,@GoodFiberYarns @Macys @kelly_clarkson Thank you! Happy 4th of July! üá∫üá∏,Twitter,
1.01470687404483E+018,2018-07-05 03:05 +0000,@chrissert84 @WestPoint_USMA Thank you! Happy 4th of July! üá∫üá∏,Twitter,
1.01470682082755E+018,2018-07-05 03:05 +0000,@SonsLegionRadio @WestPoint_USMA @Macys @AmericanLegion @RallyPoint Thank you! Happy 4th of July! üá∫üá∏,Twitter,
1.01470675653725E+018,2018-07-05 03:05 +0000,@Stars252525 @Macys @nbc @WestPoint_USMA Thank you! Happy 4th of July! üá∫üá∏,Twitter,
1.01470666678328E+018,2018-07-05 03:04 +0000,@WeHearPodcast Thank you! Happy 4th of July! üá∫üá∏,Twitter,
1.01470656896794E+018,2018-07-05 03:04 +0000,@kjhedgecock @Macys @WestPoint_USMA Thank you! Happy 4th of July! üá∫üá∏,Twitter,
1.01470652468446E+018,2018-07-05 03:04 +0000,@MonsoonPuma Thank you! Happy 4th of July! üá∫üá∏,Twitter,
1.01470640131748E+018,2018-07-05 03:03 +0000,@fishermarketin1 @kellyclarkson @nbc @Macys @USArmy @WestPoint_USMA Thank you! Happy 4th of July! üá∫üá∏,Twitter,
1.01470632563963E+018,2018-07-05 03:03 +0000,@CarpealltheDiem Thank you! Happy 4th of July! üá∫üá∏,Twitter,
1.01470622217037E+018,2018-07-05 03:03 +0000,@CatRunLizGOP Thank you! Happy 4th of July! üá∫üá∏,Twitter,
1.01470617702695E+018,2018-07-05 03:02 +0000,@GeorgeJeanette @kelly_clarkson Thank you! Happy 4th of July! üá∫üá∏,Twitter,
1.01470613934536E+018,2018-07-05 03:02 +0000,@tasteasyougo @WestPoint_USMA Thank you! Happy 4th of July! üá∫üá∏,Twitter,
1.01470608018057E+018,2018-07-05 03:02 +0000,@hoovitude Thank you! Happy 4th of July! üá∫üá∏,Twitter,
1.01470603298621E+018,2018-07-05 03:02 +0000,@JeanetteABurns @WestPoint_USMA Thank you! Happy 4th of July! üá∫üá∏,Twitter,
1.0147059422549E+018,2018-07-05 03:02 +0000,@BSNNP07 Thank you! Happy 4th of July! üá∫üá∏,Twitter,
1.01470586872473E+018,2018-07-05 03:01 +0000,@JoeLishok Thank you! Happy 4th of July! üá∫üá∏,Twitter,
1.01470571117405E+018,2018-07-05 03:01 +0000,@CorporationDom Thank you! Happy 4th of July! üá∫üá∏,Twitter,
1.01470556094666E+018,2018-07-05 03:00 +0000,@annberger2 Thank you so much! Happy 4th of July! üá∫üá∏,Twitter,
1.0147054865355E+018,2018-07-05 03:00 +0000,@DemilleSarah Thank you! Happy 4th of July! üá∫üá∏,Twitter,
1.0147051542963E+018,2018-07-05 02:58 +0000,@Atroarturo Thank you! Happy 4th of July! üá∫üá∏,Twitter,
1.01464238180161E+018,2018-07-04 22:49 +0000,"B/c when you‚Äôre backing a üå† like @KellyClarkson, you better make sure you‚Äôre on point! Warming up for the #MacysFireworks show. Catch it live tonight 8pm ET/PT on @NBC. 

And yes, we really are playing with Kelly‚Äî&amp; we can‚Äôt wait!

@Macys @USArmy @WestPoint_USMA @WestPointParents https://t.co/5XUODP7Cc3",Twitter,
1.01460075037326E+018,2018-07-04 20:04 +0000,"We‚Äôre on the ground in #NYC for the #MacysFireworks show! It all starts tonight at 8:00 p.m. on @NBC.

Watch live: https://t.co/xehZna9jC3

Follow us:
https://t.co/nRmL0GDdna 
https://t.co/d1JnsnP7bo https://t.co/bjgoaUZnN3",Twitter,
1.01448787482418E+018,2018-07-04 12:35 +0000,"Catch the Hellcats this morning on @fox5ny for a sneak peek of tonight‚Äôs #MacysFireworks show! @Macys 

And keep an eye on our feed all day this #FourthofJuly2018 for behind-the-scenes updates from the big show! 

Happy #IndependenceDay! https://t.co/GadaJrQoJk",Twitter,
1.01421600986196E+018,2018-07-03 18:35 +0000,"#FourthofJuly comes early this year! The @BennyHavensBand plus an awesome fireworks show, both completely FREE, tonight in White Plains. 

More info here: https://t.co/EuCId1aCP2 https://t.co/uBDjQYSmRh",Twitter,
1.0139089649779E+018,2018-07-02 22:15 +0000,"Reporting to the Plain to help #USMA2022 show off their new home, precision marching skills, and‚Äîof course‚Äî fresh ‚Äòdos üíá‚Äç‚ôÇÔ∏è to some very proud @WestPointParents. Welcome to the @WestPoint_USMA family! #RDay https://t.co/xiSbpIFQoO",Twitter,
1.01348240514174E+018,2018-07-01 18:00 +0000,"#SundaySalute ‚Äî tell us your branch and when you served. Thank you for your service!

#ArmyStrong at @WestPoint_USMA https://t.co/eyOZU47vu1",Twitter,
1.01319561143955E+018,2018-06-30 23:00 +0000,"We're going #LIVE from #TrophyPoint in just 30 minutes for a @WestPoint_USMA Block Party!

https://t.co/YgiDFMGLdp",Twitter,
1.01273878052305E+018,2018-06-29 16:45 +0000,"Keep that flag flying high üá∫üá∏ and enjoy this patriotic medley, #LIVE from our bicentennial gala!

""The Spirit of America,"" arr. Sgt. Maj. Ret. Douglas Richard

https://t.co/sS6yLjowgd",Twitter,
1.01269751533278E+018,2018-06-29 14:01 +0000,"#FourthOfJuly is next week! Get in the patriotic spirit by celebrating the ""Spirit of America.""

Live from last year's bicentennial gala.

https://t.co/sS6yLjG77L",Twitter,
1.01240109743943E+018,2018-06-28 18:23 +0000,@Macys Cool! Not sure we need a reminder though üòâ,Twitter,
1.01239529424656E+018,2018-06-28 18:00 +0000,"#TBT at #TrophyPoint: 4th of July, 1990.

Join us for the 2018 version: https://t.co/Fhod5ndFot https://t.co/cL724NnxOc",Twitter,
1.01233880881208E+018,2018-06-28 14:15 +0000,Make sure to tune in for our performance on @NBC for the @Macys Fireworks show! üéá https://t.co/0AgwsgbltF,Twitter,
1.01204601860151E+018,2018-06-27 18:52 +0000,"3. Every seat is the best seat.

So whether you‚Äôre watching the band front and center or dancing on the hilltop with your kiddos, #TrophyPoint is #onpoint üíØ

Next concert: #WestPoint Block Party with the @BennyHavensBand this Saturday, 7:30 p.m.!

https://t.co/Yuu8ympbqN",Twitter,
1.01198029047298E+018,2018-06-27 14:31 +0000,"@uniformkrazie21 @BennyHavensBand It will be streamed online here: 
https://t.co/YgiDFMGLdp

Hope you can tune in!",Twitter,
,,"RT @nikkihaley: RT @USUN: We had a wonderful time hosting our international colleagues for America‚Äôs birthday celebration. The West Point Band, beautiful views, and amazing fireworks made for a perfect night. üá∫üá∏ https://t.co/Xhvgw16G6t",Twitter,
,,"RT @WestPoint_USMA: Join the West Point Band at 7:30 p.m. tonight at Trophy Point as it continues its 2018 Music Under the Stars concert series with ""The Music of John Williams.""

The concert is free and open to the public. https://t.co/FbCDPJJMpg",Twitter,
,,"RT @WestPoint_USMA: Join the West Point Band at 7:30 p.m. tonight at Trophy Point as it continues its 2018 Music Under the Stars concert series with ""The Music of John Williams.""

The concert is free and open to the public. https://t.co/FbCDPJJMpg",Twitter,
,,"So happy to be back at West Point now, where the West Point Band continues its free ""Music Under the Stars Concert Series"" with the music of John Williams, featuring some of the best‚Ä¶ https://t.co/679i8I8RFZ",Twitter,
,,"If you can‚Äôt be here in person, join the West Point Band via livestream from Eisenhower Hall Theatre at West Point for their concert featuring the ‚ÄúMusic of John Williams‚Äù. https://t.co/tw3iNlXmVa",Twitter,
,,"RT @WestPoint_USMA: Join the West Point Band at 7:30 p.m. tonight at Trophy Point as it continues its 2018 Music Under the Stars concert series with ""The Music of John Williams.""

The concert is free and open to the public. https://t.co/FbCDPJJMpg",Twitter,
,,"RT @WestPoint_USMA: Join the West Point Band at 7:30 p.m. tonight at Trophy Point as it continues its 2018 Music Under the Stars concert series with ""The Music of John Williams.""

The concert is free and open to the public. https://t.co/FbCDPJJMpg",Twitter,
,,"RT @WestPoint_USMA: Join the West Point Band at 7:30 p.m. tonight at Trophy Point as it continues its 2018 Music Under the Stars concert series with ""The Music of John Williams.""

The concert is free and open to the public. https://t.co/FbCDPJJMpg",Twitter,
,,"RT @WestPoint_USMA: Join the West Point Band at 7:30 p.m. tonight at Trophy Point as it continues its 2018 Music Under the Stars concert series with ""The Music of John Williams.""

The concert is free and open to the public. https://t.co/FbCDPJJMpg",Twitter,
,,"RT @WestPoint_USMA: Join the West Point Band at 7:30 p.m. tonight at Trophy Point as it continues its 2018 Music Under the Stars concert series with ""The Music of John Williams.""

The concert is free and open to the public. https://t.co/FbCDPJJMpg",Twitter,
,,"RT @WestPoint_USMA: Join the West Point Band at 7:30 p.m. tonight at Trophy Point as it continues its 2018 Music Under the Stars concert series with ""The Music of John Williams.""

The concert is free and open to the public. https://t.co/FbCDPJJMpg",Twitter,
,,"RT @WestPoint_USMA: Join the West Point Band at 7:30 p.m. tonight at Trophy Point as it continues its 2018 Music Under the Stars concert series with ""The Music of John Williams.""

The concert is free and open to the public. https://t.co/FbCDPJJMpg",Twitter,
,,"RT @WestPoint_USMA: Join the West Point Band at 7:30 p.m. tonight at Trophy Point as it continues its 2018 Music Under the Stars concert series with ""The Music of John Williams.""

The concert is free and open to the public. https://t.co/FbCDPJJMpg",Twitter,
,,"RT @WestPoint_USMA: Join the West Point Band at 7:30 p.m. tonight at Trophy Point as it continues its 2018 Music Under the Stars concert series with ""The Music of John Williams.""

The concert is free and open to the public. https://t.co/FbCDPJJMpg",Twitter,
,,"RT @WestPoint_USMA: Join the West Point Band at 7:30 p.m. tonight at Trophy Point as it continues its 2018 Music Under the Stars concert series with ""The Music of John Williams.""

The concert is free and open to the public. https://t.co/FbCDPJJMpg",Twitter,
,,"RT @WestPoint_USMA: Join the West Point Band at 7:30 p.m. tonight at Trophy Point as it continues its 2018 Music Under the Stars concert series with ""The Music of John Williams.""

The concert is free and open to the public. https://t.co/FbCDPJJMpg",Twitter,
,,"RT @WestPoint_USMA: Join the West Point Band at 7:30 p.m. tonight at Trophy Point as it continues its 2018 Music Under the Stars concert series with ""The Music of John Williams.""

The concert is free and open to the public. https://t.co/FbCDPJJMpg",Twitter,
,,"RT @WestPoint_USMA: Join the West Point Band at 7:30 p.m. tonight at Trophy Point as it continues its 2018 Music Under the Stars concert series with ""The Music of John Williams.""

The concert is free and open to the public. https://t.co/FbCDPJJMpg",Twitter,
,,"RT @WestPoint_USMA: Join the West Point Band at 7:30 p.m. tonight at Trophy Point as it continues its 2018 Music Under the Stars concert series with ""The Music of John Williams.""

The concert is free and open to the public. https://t.co/FbCDPJJMpg",Twitter,
,,"RT @WestPoint_USMA: Join the West Point Band at 7:30 p.m. tonight at Trophy Point as it continues its 2018 Music Under the Stars concert series with ""The Music of John Williams.""

The concert is free and open to the public. https://t.co/FbCDPJJMpg",Twitter,
,,"Join the West Point Band at 7:30 p.m. tonight at Trophy Point as it continues its 2018 Music Under the Stars concert series with ""The Music of John Williams.""

The concert is free and open to the public. https://t.co/FbCDPJJMpg",Twitter,
,,West Point band will play at Vanderbilt Mansion Aug. 15 https://t.co/H6828LBbcL,Twitter,
,,"RT @ClassicalKUSC: Sad to learn of the death of Thomas Stevens, former principal trumpet of the @LAPhil from 1972-2000. Stevens was hired by Zubin Mehta in 1965 following brief stints in the Dallas Symphony Orchestra and in the U.S. Army as a solo trumpeter with the West Point Band. https://t.co/cmLCkMXUCe",Twitter,
,,"RT @ClassicalKUSC: Sad to learn of the death of Thomas Stevens, former principal trumpet of the @LAPhil from 1972-2000. Stevens was hired by Zubin Mehta in 1965 following brief stints in the Dallas Symphony Orchestra and in the U.S. Army as a solo trumpeter with the West Point Band. https://t.co/cmLCkMXUCe",Twitter,
,,"RT @ClassicalKUSC: Sad to learn of the death of Thomas Stevens, former principal trumpet of the @LAPhil from 1972-2000. Stevens was hired by Zubin Mehta in 1965 following brief stints in the Dallas Symphony Orchestra and in the U.S. Army as a solo trumpeter with the West Point Band. https://t.co/cmLCkMXUCe",Twitter,
,,"RT @ClassicalKUSC: Sad to learn of the death of Thomas Stevens, former principal trumpet of the @LAPhil from 1972-2000. Stevens was hired by Zubin Mehta in 1965 following brief stints in the Dallas Symphony Orchestra and in the U.S. Army as a solo trumpeter with the West Point Band. https://t.co/cmLCkMXUCe",Twitter,
,,"RT @ClassicalKUSC: Sad to learn of the death of Thomas Stevens, former principal trumpet of the @LAPhil from 1972-2000. Stevens was hired by Zubin Mehta in 1965 following brief stints in the Dallas Symphony Orchestra and in the U.S. Army as a solo trumpeter with the West Point Band. https://t.co/cmLCkMXUCe",Twitter,
,,"RT @ClassicalKUSC: Sad to learn of the death of Thomas Stevens, former principal trumpet of the @LAPhil from 1972-2000. Stevens was hired by Zubin Mehta in 1965 following brief stints in the Dallas Symphony Orchestra and in the U.S. Army as a solo trumpeter with the West Point Band. https://t.co/cmLCkMXUCe",Twitter,
,,"RT @ClassicalKUSC: Sad to learn of the death of Thomas Stevens, former principal trumpet of the @LAPhil from 1972-2000. Stevens was hired by Zubin Mehta in 1965 following brief stints in the Dallas Symphony Orchestra and in the U.S. Army as a solo trumpeter with the West Point Band. https://t.co/cmLCkMXUCe",Twitter,
,,"RT @ClassicalKUSC: Sad to learn of the death of Thomas Stevens, former principal trumpet of the @LAPhil from 1972-2000. Stevens was hired by Zubin Mehta in 1965 following brief stints in the Dallas Symphony Orchestra and in the U.S. Army as a solo trumpeter with the West Point Band. https://t.co/cmLCkMXUCe",Twitter,
,,"RT @ClassicalKUSC: Sad to learn of the death of Thomas Stevens, former principal trumpet of the @LAPhil from 1972-2000. Stevens was hired by Zubin Mehta in 1965 following brief stints in the Dallas Symphony Orchestra and in the U.S. Army as a solo trumpeter with the West Point Band. https://t.co/cmLCkMXUCe",Twitter,
,,"Sad to learn of the death of Thomas Stevens, former principal trumpet of the @LAPhil from 1972-2000. Stevens was hired by Zubin Mehta in 1965 following brief stints in the Dallas Symphony Orchestra and in the U.S. Army as a solo trumpeter with the West Point Band. https://t.co/cmLCkMXUCe",Twitter,
,,"RT @nikkihaley: RT @USUN: We had a wonderful time hosting our international colleagues for America‚Äôs birthday celebration. The West Point Band, beautiful views, and amazing fireworks made for a perfect night. üá∫üá∏ https://t.co/Xhvgw16G6t",Twitter,
,,This Is My Country (With Lyrics) | West Point Band &amp, Glee Club (fea... https://t.co/WBBocFexAC via @YouTube,Twitter
,,"RT @nikkihaley: RT @USUN: We had a wonderful time hosting our international colleagues for America‚Äôs birthday celebration. The West Point Band, beautiful views, and amazing fireworks made for a perfect night. üá∫üá∏ https://t.co/Xhvgw16G6t",Twitter,
,,"RT @nikkihaley: RT @USUN: We had a wonderful time hosting our international colleagues for America‚Äôs birthday celebration. The West Point Band, beautiful views, and amazing fireworks made for a perfect night. üá∫üá∏ https://t.co/Xhvgw16G6t",Twitter,
,,I recognize a lot of those players!,Facebook,
,,Eric Parks trumpet on right,Facebook,
,,Would love some pics of the 80s !,Facebook,
,,Me too,Facebook,
,,Spec 7\u2019s!,Facebook,
,,The answer to today \u2019s puzzle ! Did,Facebook,
,,Is this Gray Auditorium in Presser Hall at,Facebook,
,,If you count the brass organ trumpets,Facebook,
,,I counted 14,Facebook,
,,I count 14 .,Facebook,
,,14 !!,Facebook,
,,15,Facebook,
,,14,Facebook,
,,12,Facebook,
,,13,Facebook,
,,14,Facebook,
,,12 \U0001f602,Facebook,
,,20 including the rank of organ trumpets,Facebook,
,,12,Facebook,
,,18,Facebook,
,,You guys have it easy compared to back,Facebook,
,,When do you people take a break ?,Facebook,
,,\u2764\u2764#WESTPOINT,Facebook,
,,Need those pants for my high school band,Facebook,
,,Great job as always !,Facebook,
,,#trophypoint . Great concert !!!,Facebook,
,,Great concert !! thank you .,Facebook,
,,The band was on point !! Absolutely excellent!!,Facebook,
,,The concert was wonderful ! Loved hearing all,Facebook,
,,Those Lavender transcriptions are just outstanding .,Facebook,
,,Watching the YouTube live stream in Conway SC,Facebook,
,,Tonight was fantastic for young and old !!,Facebook,
,,We were there !!,Facebook,
,,I love that march from 1941 ... liked,Facebook,
,,Now that the concert has moved indoors what,Facebook,
,,If it rains will it be in Eisenhower,Facebook,
,,Haleigh Black,Facebook,
,,1959 . That is me back row,Facebook,
,,Is that the same building ?,Facebook,
,,Las dos fotos estan bonitas,Facebook,
,,Will it be rescheduled if it rains ?,Facebook,
,,Zach Alt ! Too bad you arent here,Facebook,
,,Are the new cadets attending this concert ?,Facebook,
,,Stephanie Smith Feagin,Facebook,
,,Rhiannon Shields,Facebook,
,,Always great J.D. !!!,Facebook,
,,\U0001f3ba\U0001f3a7,Facebook,
,,Of to\u021bii trei chelosii,Facebook,
,,Stephanie Smith Feagin,Facebook,
,,Loved seeing the transformation when we lived there,Facebook,
,,So I tried getting into USNA ... yet,Facebook,
,,Johnny P. Anteola,Facebook,
,,u,Facebook,
,,74th Army band ; Ft Ben Harrison 74,Facebook,
,,US Army 57 MP Co . West,Facebook,
,,US Navy 1980 - 1984 \n Also traveled,Facebook,
,,US Army with a tour at West,Facebook,
,,Army 85-05,Facebook,
,,Army 1991 - 2014 - 02F / 42R,Facebook,
,,Army 97 - 05,Facebook,
,,1SG Army (Ret),Facebook,
,,USMA BAND - WEST POINT - 1963 -,Facebook,
,,Artillery - 1963 - 1966 - Munich Germany,Facebook,
,,Navy 68 - 72 My dad retired from,Facebook,
,,Armor - 1960 - 1962 - Germany,Facebook,
,,Bill Forte US Army 1970 - 1991,Facebook,
,,Army -- 74 - 77,Facebook,
,,Army National Guard and Reserve . 1985 -,Facebook,
,,US Army ! 1976 - 1997,Facebook,
,,Co I 3d Bn 310th Regmt 78th,Facebook,
,,USA 1981 - 2001 .,Facebook,
,,USN . 1958 - 1964,Facebook,
,,Army 1974 - 1977,Facebook,
,,USMC,Facebook,
,,USMC 74 - 78 / USMCR 78 -,Facebook,
,,US Army Reserve : 2003 - present,Facebook,
,,181 ordinance and 10th SF 1964 to 1966,Facebook,
,,u,Facebook,
,,I wish we had known about it !,Facebook,
,,Great show y'all ! I loved it,Facebook,
,,Will there be another weekend like this during,Facebook,
,,I said \u201cfall in\u201d .,Facebook,
,,Is this open to the public or just,Facebook,
,,Is this still going to be held outside,Facebook,
,,Alexandria Gastello Kimberly Plante,Facebook,
,,Lauren Rogers Woody Tara Brown,Facebook,
,,What an awesome photo Staff Sgt . Mendeke,Facebook,
,,mary mcmahon mccormack,Facebook,
,,Great idea .,Facebook,
,,Marisol Mcquiston,Facebook,
,,Andrea Kirk Danalewich,Facebook,
,,Victoria Katz Oppenheim,Facebook,
,,Andrea Binghi Eirand,Facebook,
,,West Point Band West Point NY 1958,Facebook,
,,U.S. Army 57th MP co West Point NY,Facebook,
,,Husband served on Army retired from OMi at,Facebook,
,,Husband USMC. 1960 - 66 \U0001f1fa\U0001f1f8\U0001f1fa\U0001f1f8,Facebook,
,,\u2764\u2764 #WESTPOINT \U0001f339\U0001f339\U0001f339,Facebook,
,,Tough looking skinny dude,Facebook,
,,Live stream is constantly interrupted . Anyone else,Facebook,
,,Is the live broadcast not supposed to have,Facebook,
,,Can't wait to watch this . Some of,Facebook,
,,Thank You ! This was the best concert,Facebook,
,,Thanks for fixing the sound ! So glad,Facebook,
,,AWESOME Performance -,Facebook,
,,Having so much much trouble viewing the concert,Facebook,
,,Bandwidth Smalls ! Your killin \u2019 me !!,Facebook,
,,Thanks West Point band \U0001f64b\U0001f3fb,Facebook,
,,Once again beautifully done WPB\u2764\ufe0f\U0001f3bc,Facebook,
,,No sound !,Facebook,
,,No sound either . \U0001f616\U0001f616\U0001f616,Facebook,
,,Barbara Vincent Becky Blanton,Facebook,
